Team,Score,Ending,Outcome,Date,GameNum,Days rest,A/H,Time,Timezone,Weather,W+,OppScore,AvgPF,AvgPA,Odds,Upset,QB,RB,WR,WR,TE,LT,LG,C,RG,RT,LDT,NT,RDT,MLB,LB,LB,LB,LCB,RCB,FS
Baltimore Ravens,27,Final,L,09-05-13,1,,A,1830,Mountain,83,"Mostly Cloudy, Light Rain",49,,,-7.5,N,,,,,,,,,,,,,,,,,,,,
Denver Broncos,49,Final,W,09-05-13,1,,H,1830,Mountain,83,"Mostly Cloudy, Light Rain",27,,,7.5,N,,,,,,,,,,,,,,,,,,,,
New England Patriots,23,Final,W,09-08-13,1,,A,1300,Eastern,65,Sunny,21,,,10.0,N,,,,,,,,,,,,,,,,,,,,
Buffalo Bills,21,Final,L,09-08-13,1,,H,1300,Eastern,65,Sunny,23,,,-10.0,N,,,,,,,,,,,,,,,,,,,,
Minnesota Vikings,24,Final,L,09-08-13,1,,A,1300,Eastern,Dome,0,34,,,-4.0,N,,,,,,,,,,,,,,,,,,,,
Detroit Lions,34,Final,W,09-08-13,1,,H,1300,Eastern,Dome,,24,,,4.0,N,,,,,,,,,,,,,,,,,,,,
Miami Dolphins,23,Final,W,09-08-13,1,,A,1300,Eastern,72,Sunny,10,,,-2.5,Y,,,,,,,,,,,,,,,,,,,,
Cleveland Browns,10,Final,L,09-08-13,1,,H,1300,Eastern,72,Sunny,23,,,2.5,Y,,,,,,,,,,,,,,,,,,,,
Tennessee Titans,16,Final,W,09-08-13,1,,A,1300,Eastern,73,Cloudy,9,,,-6.0,Y,,,,,,,,,,,,,,,,,,,,
Pittsburgh Steelers,9,Final,L,09-08-13,1,,H,1300,Eastern,73,Cloudy,16,,,6.0,Y,,,,,,,,,,,,,,,,,,,,
Oakland Raiders,17,Final,L,09-08-13,1,,A,1300,Eastern,Dome,0,21,,,-11.0,N,,,,,,,,,,,,,,,,,,,,
Indianapolis Colts,21,Final,W,09-08-13,1,,H,1300,Eastern,Dome,,17,,,11.0,N,,,,,,,,,,,,,,,,,,,,
Cincinnati Bengals,21,Final,L,09-08-13,1,,A,1200,Central,73,Cloudy,24,,,-3.0,N,,,,,,,,,,,,,,,,,,,,
Chicago Bears,24,Final,W,09-08-13,1,,H,1200,Central,73,Cloudy,21,,,3.0,N,,,,,,,,,,,,,,,,,,,,
Tampa Bay Buccaneers,17,Final,L,09-08-13,1,,A,1300,Eastern,82,Sunny,18,,,4.0,Y,,,,,,,,,,,,,,,,,,,,
New York Jets,18,Final,W,09-08-13,1,,H,1300,Eastern,82,Sunny,17,,,-4.0,Y,,,,,,,,,,,,,,,,,,,,
Kansas City Chiefs,28,Final,W,09-08-13,1,,A,1300,Eastern,85,Sunny,2,,,3.5,N,,,,,,,,,,,,,,,,,,,,
Jacksonville Jaguars,2,Final,L,09-08-13,1,,H,1300,Eastern,85,Sunny,28,,,-3.5,N,,,,,,,,,,,,,,,,,,,,
Atlanta Falcons,17,Final,L,09-08-13,1,,A,1200,Central,Dome,0,23,,,-3.5,N,,,,,,,,,,,,,,,,,,,,
New Orleans Saints,23,Final,W,09-08-13,1,,H,1200,Central,Dome,,17,,,3.5,N,,,,,,,,,,,,,,,,,,,,
Seattle Seahawks,12,Final,W,09-08-13,1,,A,1300,Eastern,87,Partly Cloudy,7,,,3.0,N,,,,,,,,,,,,,,,,,,,,
Carolina Panthers,7,Final,L,09-08-13,1,,H,1300,Eastern,87,Partly Cloudy,12,,,-3.0,N,,,,,,,,,,,,,,,,,,,,
Arizona Cardinals,24,Final,L,09-08-13,1,,A,1525,Central,Dome,0,27,,,-4.0,N,,,,,,,,,,,,,,,,,,,,
St. Louis Rams,27,Final,W,09-08-13,1,,H,1525,Central,Dome,,24,,,4.0,N,,,,,,,,,,,,,,,,,,,,
Green Bay Packers,28,Final,L,09-08-13,1,,A,1325,Pacific,69,"Sunny, Breezy",34,,,-5.5,N,,,,,,,,,,,,,,,,,,,,
San Francisco 49ers,34,Final,W,09-08-13,1,,H,1325,Pacific,69,"Sunny, Breezy",28,,,5.5,N,,,,,,,,,,,,,,,,,,,,
New York Giants,31,Final,L,09-08-13,1,,A,1920,Central,Dome,0,36,,,-3.5,N,,,,,,,,,,,,,,,,,,,,
Dallas Cowboys,36,Final,W,09-08-13,1,,H,1920,Central,Dome,,31,,,3.5,N,,,,,,,,,,,,,,,,,,,,
Philadelphia Eagles,33,Final,W,09-09-13,1,,A,1910,Eastern,80,Cloudy,27,,,-4.0,Y,,,,,,,,,,,,,,,,,,,,
Washington Redskins,27,Final,L,09-09-13,1,,H,1910,Eastern,80,Cloudy,33,,,4.0,Y,,,,,,,,,,,,,,,,,,,,
Houston Texans,31,Final,W,09-09-13,1,,A,1920,Pacific,70,Partly Cloudy,28,,,6.0,N,,,,,,,,,,,,,,,,,,,,
San Diego Chargers,28,Final,L,09-09-13,1,,H,1920,Pacific,70,Partly Cloudy,31,,,-6.0,N,,,,,,,,,,,,,,,,,,,,
New York Jets,10,Final,L,09-12-13,2,4,A,2025,Eastern,72,"Cloudy, Warm, Humid",13,18.00,17.00,-11.0,N,,,,,,,,,,,,,,,,,,,,
New England Patriots,13,Final,W,09-12-13,2,4,H,2025,Eastern,72,"Cloudy, Warm, Humid",10,23.00,21.00,11.0,N,,,,,,,,,,,,,,,,,,,,
Dallas Cowboys,16,Final,L,09-15-13,2,7,A,1200,Central,72,Sunny,17,36.00,31.00,-3.0,N,,,,,,,,,,,,,,,,,,,,
Kansas City Chiefs,17,Final,W,09-15-13,2,7,H,1200,Central,72,Sunny,16,28.00,2.00,3.0,N,,,,,,,,,,,,,,,,,,,,
Carolina Panthers,23,Final,L,09-15-13,2,7,A,1300,Eastern,65,Mostly Cloudy,24,7.00,12.00,3.5,Y,,,,,,,,,,,,,,,,,,,,
Buffalo Bills,24,Final,W,09-15-13,2,7,H,1300,Eastern,65,Mostly Cloudy,23,21.00,23.00,-3.5,Y,,,,,,,,,,,,,,,,,,,,
Washington Redskins,20,Final,L,09-15-13,2,6,A,1200,Central,56,Rain,38,27.00,33.00,-7.0,N,,,,,,,,,,,,,,,,,,,,
Green Bay Packers,38,Final,W,09-15-13,2,7,H,1200,Central,56,Rain,20,28.00,34.00,7.0,N,,,,,,,,,,,,,,,,,,,,
Miami Dolphins,24,Final,W,09-15-13,2,7,A,1300,Eastern,72,Partly Cloudy,20,23.00,10.00,-2.0,Y,,,,,,,,,,,,,,,,,,,,
Indianapolis Colts,20,Final,L,09-15-13,2,7,H,1300,Eastern,72,Partly Cloudy,24,21.00,17.00,2.0,Y,,,,,,,,,,,,,,,,,,,,
San Diego Chargers,33,Final,W,09-15-13,2,6,A,1300,Eastern,71,Sunny,30,28.00,31.00,-7.5,Y,,,,,,,,,,,,,,,,,,,,
Philadelphia Eagles,30,Final,L,09-15-13,2,6,H,1300,Eastern,71,Sunny,33,33.00,27.00,7.5,Y,,,,,,,,,,,,,,,,,,,,
Cleveland Browns,6,Final,L,09-15-13,2,7,A,1300,Eastern,75,Partly Cloudy,14,10.00,23.00,-6.5,N,,,,,,,,,,,,,,,,,,,,
Baltimore Ravens,14,Final,W,09-15-13,2,10,H,1300,Eastern,75,Partly Cloudy,6,27.00,49.00,6.5,N,,,,,,,,,,,,,,,,,,,,
Minnesota Vikings,30,Final,L,09-15-13,2,7,A,1200,Central,60,Rain,31,24.00,34.00,-6.0,N,,,,,,,,,,,,,,,,,,,,
Chicago Bears,31,Final,W,09-15-13,2,7,H,1200,Central,60,Rain,30,24.00,21.00,6.0,N,,,,,,,,,,,,,,,,,,,,
St. Louis Rams,24,Final,L,09-15-13,2,7,A,1300,Eastern,Dome,0,31,27.00,24.00,-5.0,N,,,,,,,,,,,,,,,,,,,,
Atlanta Falcons,31,Final,W,09-15-13,2,7,H,1300,Eastern,Dome,,24,17.00,23.00,5.0,N,,,,,,,,,,,,,,,,,,,,
Tennessee Titans,24,OT,L,09-15-13,2,7,A,1200,Central,Dome,0,30,16.00,9.00,-7.5,N,,,,,,,,,,,,,,,,,,,,
Houston Texans,30,OT,W,09-15-13,2,6,H,1200,Central,Dome,,24,31.00,28.00,7.5,N,,,,,,,,,,,,,,,,,,,,
Detroit Lions,21,Final,L,09-15-13,2,7,A,1305,Pacific,Dome,0,25,34.00,24.00,2.0,Y,,,,,,,,,,,,,,,,,,,,
Arizona Cardinals,25,Final,W,09-15-13,2,7,H,1305,Pacific,Dome,,21,24.00,27.00,-2.0,Y,,,,,,,,,,,,,,,,,,,,
New Orleans Saints,16,Final,W,09-15-13,2,7,A,1605,Eastern,93,Cloudy,14,23.00,17.00,3.5,N,,,,,,,,,,,,,,,,,,,,
Tampa Bay Buccaneers,14,Final,L,09-15-13,2,7,H,1605,Eastern,93,Cloudy,16,17.00,18.00,-3.5,N,,,,,,,,,,,,,,,,,,,,
Denver Broncos,41,Final,W,09-15-13,2,10,A,1625,Eastern,70,Mostly Sunny,23,49.00,27.00,3.5,N,,,,,,,,,,,,,,,,,,,,
New York Giants,23,Final,L,09-15-13,2,7,H,1625,Eastern,70,Mostly Sunny,41,31.00,36.00,-3.5,N,,,,,,,,,,,,,,,,,,,,
Jacksonville Jaguars,9,Final,L,09-15-13,2,7,A,1325,Pacific,76,Sunny,19,2.00,28.00,-4.0,N,,,,,,,,,,,,,,,,,,,,
Oakland Raiders,19,Final,W,09-15-13,2,7,H,1325,Pacific,76,Sunny,9,17.00,21.00,4.0,N,,,,,,,,,,,,,,,,,,,,
San Francisco 49ers,3,Final,L,09-15-13,2,7,A,1730,Pacific,64,Cloudy,29,34.00,28.00,-3.0,N,,,,,,,,,,,,,,,,,,,,
Seattle Seahawks,29,Final,W,09-15-13,2,7,H,1730,Pacific,64,Cloudy,3,12.00,7.00,3.0,N,,,,,,,,,,,,,,,,,,,,
Pittsburgh Steelers,10,Final,L,09-16-13,2,8,A,2040,Eastern,62,Clear,20,9.00,16.00,-6.5,N,,,,,,,,,,,,,,,,,,,,
Cincinnati Bengals,20,Final,W,09-16-13,2,8,H,2040,Eastern,62,Clear,10,21.00,24.00,6.5,N,,,,,,,,,,,,,,,,,,,,
Kansas City Chiefs,26,Final,W,09-19-13,3,4,A,2025,Eastern,73,Clear,16,22.50,9.00,-3.5,Y,,,,,,,,,,,,,,,,,,,,
Philadelphia Eagles,16,Final,L,09-19-13,3,4,H,2025,Eastern,73,Clear,26,31.50,30.00,3.5,Y,,,,,,,,,,,,,,,,,,,,
Tampa Bay Buccaneers,3,Final,L,09-22-13,3,7,A,1300,Eastern,65,Sunny,23,15.50,17.00,-7.0,N,,,,,,,,,,,,,,,,,,,,
New England Patriots,23,Final,W,09-22-13,3,10,H,1300,Eastern,65,Sunny,3,18.00,15.50,7.0,N,,,,,,,,,,,,,,,,,,,,
St. Louis Rams,7,Final,L,09-22-13,3,7,A,1200,Central,Dome,0,31,25.50,27.50,-3.0,N,,,,,,,,,,,,,,,,,,,,
Dallas Cowboys,31,Final,W,09-22-13,3,7,H,1200,Central,Dome,,7,26.00,24.00,3.0,N,,,,,,,,,,,,,,,,,,,,
Green Bay Packers,30,Final,L,09-22-13,3,7,A,1300,Eastern,63,Partly Cloudy,34,33.00,27.00,3.0,Y,,,,,,,,,,,,,,,,,,,,
Cincinnati Bengals,34,Final,W,09-22-13,3,6,H,1300,Eastern,63,Partly Cloudy,30,20.50,17.00,-3.0,Y,,,,,,,,,,,,,,,,,,,,
San Diego Chargers,17,Final,L,09-22-13,3,7,A,1200,Central,72,Sunny,20,30.50,30.50,-3.0,N,,,,,,,,,,,,,,,,,,,,
Tennessee Titans,20,Final,W,09-22-13,3,7,H,1200,Central,72,Sunny,17,20.00,19.50,3.0,N,,,,,,,,,,,,,,,,,,,,
Detroit Lions,27,Final,W,09-22-13,3,7,A,1300,Eastern,72,Sunny,20,27.50,24.50,1.0,N,,,,,,,,,,,,,,,,,,,,
Washington Redskins,20,Final,L,09-22-13,3,7,H,1300,Eastern,72,Sunny,27,23.50,35.50,-1.0,N,,,,,,,,,,,,,,,,,,,,
New York Giants,0,Final,L,09-22-13,3,7,A,1300,Eastern,75,Sunny,38,27.00,38.50,2.5,Y,,,,,,,,,,,,,,,,,,,,
Carolina Panthers,38,Final,W,09-22-13,3,7,H,1300,Eastern,75,Sunny,0,15.00,18.00,-2.5,Y,,,,,,,,,,,,,,,,,,,,
Arizona Cardinals,7,Final,L,09-22-13,3,7,A,1200,Central,Dome,0,31,24.50,24.00,-7.5,N,,,,,,,,,,,,,,,,,,,,
New Orleans Saints,31,Final,W,09-22-13,3,7,H,1200,Central,Dome,,7,19.50,15.50,7.5,N,,,,,,,,,,,,,,,,,,,,
Houston Texans,9,Final,L,09-22-13,3,7,A,1300,Eastern,73,Sunny,30,30.50,26.00,-1.0,N,,,,,,,,,,,,,,,,,,,,
Baltimore Ravens,30,Final,W,09-22-13,3,7,H,1300,Eastern,73,Sunny,9,20.50,27.50,1.0,N,,,,,,,,,,,,,,,,,,,,
Cleveland Browns,31,Final,W,09-22-13,3,7,A,1200,Central,Dome,0,27,8.00,18.50,-7.0,Y,,,,,,,,,,,,,,,,,,,,
Minnesota Vikings,27,Final,L,09-22-13,3,7,H,1200,Central,Dome,,31,27.00,32.50,7.0,Y,,,,,,,,,,,,,,,,,,,,
Atlanta Falcons,23,Final,L,09-22-13,3,7,A,1605,Eastern,89,Cloudy,27,24.00,23.50,-2.5,N,,,,,,,,,,,,,,,,,,,,
Miami Dolphins,27,Final,W,09-22-13,3,7,H,1605,Eastern,89,Cloudy,23,23.50,15.00,2.5,N,,,,,,,,,,,,,,,,,,,,
Indianapolis Colts,27,Final,W,09-22-13,3,7,A,1325,Pacific,66,Sunny,7,20.50,20.50,-10.5,Y,,,,,,,,,,,,,,,,,,,,
San Francisco 49ers,7,Final,L,09-22-13,3,7,H,1325,Pacific,66,Sunny,27,18.50,28.50,10.5,Y,,,,,,,,,,,,,,,,,,,,
Buffalo Bills,20,Final,L,09-22-13,3,7,A,1625,Eastern,67,Cloudy,27,22.50,23.00,-2.5,N,,,,,,,,,,,,,,,,,,,,
New York Jets,27,Final,W,09-22-13,3,10,H,1625,Eastern,67,Cloudy,20,14.00,15.00,2.5,N,,,,,,,,,,,,,,,,,,,,
Jacksonville Jaguars,17,Final,L,09-22-13,3,7,A,1325,Pacific,61,"Rain, Wind 17 mph",45,5.50,23.50,-19.5,N,,,,,,,,,,,,,,,,,,,,
Seattle Seahawks,45,Final,W,09-22-13,3,7,H,1325,Pacific,61,"Rain, Wind 17 mph",17,20.50,5.00,19.5,N,,,,,,,,,,,,,,,,,,,,
Chicago Bears,40,Final,W,09-22-13,3,7,A,2030,Eastern,56,Cloudy,23,27.50,25.50,2.5,N,,,,,,,,,,,,,,,,,,,,
Pittsburgh Steelers,23,Final,L,09-22-13,3,6,H,2030,Eastern,56,Cloudy,40,9.50,18.00,-2.5,N,,,,,,,,,,,,,,,,,,,,
Oakland Raiders,21,Final,L,09-23-13,3,8,A,1840,Mountain,64,Mostly Clear,37,18.00,15.00,-16.5,N,,,,,,,,,,,,,,,,,,,,
Denver Broncos,37,Final,W,09-23-13,3,8,H,1840,Mountain,64,Mostly Clear,21,45.00,25.00,16.5,N,,,,,,,,,,,,,,,,,,,,
San Francisco 49ers,35,Final,W,09-26-13,4,4,A,1925,Central,Dome,0,11,14.67,28.00,3.5,N,,,,,,,,,,,,,,,,,,,,
St. Louis Rams,11,Final,L,09-26-13,4,4,H,1925,Central,Dome,,35,19.33,28.67,-3.5,N,,,,,,,,,,,,,,,,,,,,
New York Giants,7,Final,L,09-29-13,4,7,A,1200,Central,66,Sunny,31,18.00,38.33,-3.5,N,,,,,,,,,,,,,,,,,,,,
Kansas City Chiefs,31,Final,W,09-29-13,4,10,H,1200,Central,66,Sunny,7,23.67,11.33,3.5,N,,,,,,,,,,,,,,,,,,,,
Baltimore Ravens,20,Final,L,09-29-13,4,7,A,1300,Eastern,67,Mostly Sunny,23,23.67,21.33,3.5,Y,,,,,,,,,,,,,,,,,,,,
Buffalo Bills,23,Final,W,09-29-13,4,7,H,1300,Eastern,67,Mostly Sunny,20,21.67,24.33,-3.5,Y,,,,,,,,,,,,,,,,,,,,
Seattle Seahawks,23,OT,W,09-29-13,4,7,A,1200,Central,Dome,0,20,28.67,9.00,1.5,N,,,,,,,,,,,,,,,,,,,,
Houston Texans,20,OT,L,09-29-13,4,7,H,1200,Central,Dome,,23,23.33,27.33,-1.5,N,,,,,,,,,,,,,,,,,,,,
Arizona Cardinals,13,Final,W,09-29-13,4,7,A,1300,Eastern,84,Sunny,10,18.67,26.33,-2.5,Y,,,,,,,,,,,,,,,,,,,,
Tampa Bay Buccaneers,10,Final,L,09-29-13,4,7,H,1300,Eastern,84,Sunny,13,11.33,19.00,2.5,Y,,,,,,,,,,,,,,,,,,,,
Chicago Bears,32,Final,L,09-29-13,4,7,A,1300,Eastern,Dome,0,40,31.67,24.67,-3.0,N,,,,,,,,,,,,,,,,,,,,
Detroit Lions,40,Final,W,09-29-13,4,7,H,1300,Eastern,Dome,,32,27.33,23.00,3.0,N,,,,,,,,,,,,,,,,,,,,
Cincinnati Bengals,6,Final,L,09-29-13,4,7,A,1300,Eastern,68,Cloudy,17,25.00,21.33,3.5,Y,,,,,,,,,,,,,,,,,,,,
Cleveland Browns,17,Final,W,09-29-13,4,7,H,1300,Eastern,68,Cloudy,6,15.67,21.33,-3.5,Y,,,,,,,,,,,,,,,,,,,,
Indianapolis Colts,37,Final,W,09-29-13,4,7,A,1300,Eastern,80,Chance of Rain,3,22.67,16.00,9.0,N,,,,,,,,,,,,,,,,,,,,
Jacksonville Jaguars,3,Final,L,09-29-13,4,7,H,1300,Eastern,80,Chance of Rain,37,9.33,30.67,-9.0,N,,,,,,,,,,,,,,,,,,,,
Pittsburgh Steelers,27,Final,L,09-29-13,4,7,A*,1200,Central,54,Partly Cloudy,34,14.00,25.33,3.0,Y,,,,,,,,,,,,,,,,,,,,
Minnesota Vikings,34,Final,W,09-29-13,4,7,H*,1200,Central,54,Partly Cloudy,27,27.00,32.00,-3.0,Y,,,,,,,,,,,,,,,,,,,,
New York Jets,13,Final,L,09-29-13,4,7,A,1505,Central,74,Cloudy,38,18.33,16.67,-3.5,N,,,,,,,,,,,,,,,,,,,,
Tennessee Titans,38,Final,W,09-29-13,4,7,H,1505,Central,74,Cloudy,13,20.00,18.67,3.5,N,,,,,,,,,,,,,,,,,,,,
Philadelphia Eagles,20,Final,L,09-29-13,4,10,A,1425,Mountain,76,Partly Cloudy,52,26.33,28.67,-10.5,N,,,,,,,,,,,,,,,,,,,,
Denver Broncos,52,Final,W,09-29-13,4,6,H,1425,Mountain,76,Partly Cloudy,20,42.33,23.67,10.5,N,,,,,,,,,,,,,,,,,,,,
Washington Redskins,24,Final,W,09-29-13,4,7,A,1325,Pacific,77,Sunny,14,22.33,32.67,3.5,N,,,,,,,,,,,,,,,,,,,,
Oakland Raiders,14,Final,L,09-29-13,4,6,H,1325,Pacific,77,Sunny,24,19.00,22.33,-3.5,N,,,,,,,,,,,,,,,,,,,,
Dallas Cowboys,21,Final,L,09-29-13,4,7,A,1325,Pacific,80,Sunny,30,27.67,18.33,1.5,Y,,,,,,,,,,,,,,,,,,,,
San Diego Chargers,30,Final,W,09-29-13,4,7,H,1325,Pacific,80,Sunny,21,26.00,27.00,-1.5,Y,,,,,,,,,,,,,,,,,,,,
New England Patriots,30,Final,W,09-29-13,4,7,A,2030,Eastern,Dome,0,23,19.67,11.33,-3.0,Y,,,,,,,,,,,,,,,,,,,,
Atlanta Falcons,23,Final,L,09-29-13,4,7,H,2030,Eastern,Dome,,30,23.67,24.67,3.0,Y,,,,,,,,,,,,,,,,,,,,
Miami Dolphins,17,Final,L,09-30-13,4,8,A,1940,Central,Dome,0,38,24.67,17.67,-7.0,N,,,,,,,,,,,,,,,,,,,,
New Orleans Saints,38,Final,W,09-30-13,4,8,H,1940,Central,Dome,,17,23.33,12.67,7.0,N,,,,,,,,,,,,,,,,,,,,
Buffalo Bills,24,Final,L,10-03-13,5,4,A,2025,Eastern,75,Cloudy,37,22.00,23.25,-3.5,N,,,,,,,,,,,,,,,,,,,,
Cleveland Browns,37,Final,W,10-03-13,5,4,H,2025,Eastern,75,Cloudy,24,16.00,17.50,3.5,N,,,,,,,,,,,,,,,,,,,,
Jacksonville Jaguars,20,Final,L,10-06-13,5,7,A,1200,Central,Dome,0,34,7.75,32.25,-11.0,N,,,,,,,,,,,,,,,,,,,,
St. Louis Rams,34,Final,W,10-06-13,5,10,H,1200,Central,Dome,,20,17.25,30.25,11.0,N,,,,,,,,,,,,,,,,,,,,
New Orleans Saints,26,Final,W,10-06-13,5,6,A,1200,Central,60,Sunny,18,27.00,13.75,1.0,N,,,,,,,,,,,,,,,,,,,,
Chicago Bears,18,Final,L,10-06-13,5,7,H,1200,Central,60,Sunny,26,31.75,28.50,-1.0,N,,,,,,,,,,,,,,,,,,,,
Baltimore Ravens,26,Final,W,10-06-13,5,7,A,1300,Eastern,87,Sunny,23,22.75,21.75,-2.5,Y,,,,,,,,,,,,,,,,,,,,
Miami Dolphins,23,Final,L,10-06-13,5,6,H,1300,Eastern,87,Sunny,26,22.75,22.75,2.5,Y,,,,,,,,,,,,,,,,,,,,
Philadelphia Eagles,36,Final,W,10-06-13,5,7,A,1300,Eastern,66,Mostly Cloudy,21,24.75,34.50,1.0,N,,,,,,,,,,,,,,,,,,,,
New York Giants,21,Final,L,10-06-13,5,7,H,1300,Eastern,66,Mostly Cloudy,36,15.25,36.50,-1.0,N,,,,,,,,,,,,,,,,,,,,
Detroit Lions,9,Final,L,10-06-13,5,7,A,1200,Central,59,Sunny,22,30.50,25.25,-10.0,N,,,,,,,,,,,,,,,,,,,,
Green Bay Packers,22,Final,W,10-06-13,4,14,H,1200,Central,59,Sunny,9,32.00,29.33,10.0,N,,,,,,,,,,,,,,,,,,,,
New England Patriots,6,Final,L,10-06-13,5,7,A,1300,Eastern,68,Cloudy,13,22.25,14.25,1.5,Y,,,,,,,,,,,,,,,,,,,,
Cincinnati Bengals,13,Final,W,10-06-13,5,7,H,1300,Eastern,68,Cloudy,6,20.25,20.25,-1.5,Y,,,,,,,,,,,,,,,,,,,,
Kansas City Chiefs,26,Final,W,10-06-13,5,7,A,1200,Central,74,Cloudy,17,25.50,10.25,2.5,N,,,,,,,,,,,,,,,,,,,,
Tennessee Titans,17,Final,L,10-06-13,5,7,H,1200,Central,74,Cloudy,26,24.50,17.25,-2.5,N,,,,,,,,,,,,,,,,,,,,
Seattle Seahawks,28,Final,L,10-06-13,5,7,A,1300,Eastern,Dome,0,34,27.25,11.75,3.0,Y,,,,,,,,,,,,,,,,,,,,
Indianapolis Colts,34,Final,W,10-06-13,5,7,H,1300,Eastern,Dome,,28,26.25,12.75,-3.0,Y,,,,,,,,,,,,,,,,,,,,
Carolina Panthers,6,Final,L,10-06-13,4,14,A,1305,Pacific,Dome,0,22,22.67,12.00,3.0,Y,,,,,,,,,,,,,,,,,,,,
Arizona Cardinals,22,Final,W,10-06-13,5,7,H,1305,Pacific,Dome,,6,17.25,22.25,-3.0,Y,,,,,,,,,,,,,,,,,,,,
Denver Broncos,51,Final,W,10-06-13,5,7,A,1525,Central,Dome,0,48,44.75,22.75,8.0,N,,,,,,,,,,,,,,,,,,,,
Dallas Cowboys,48,Final,L,10-06-13,5,7,H,1525,Central,Dome,,51,26.00,21.25,-8.0,N,,,,,,,,,,,,,,,,,,,,
Houston Texans,3,Final,L,10-06-13,5,7,A,1730,Pacific,76,Sunny,34,22.50,26.25,-4.5,N,,,,,,,,,,,,,,,,,,,,
San Francisco 49ers,34,Final,W,10-06-13,5,10,H,1730,Pacific,76,Sunny,3,19.75,23.75,4.5,N,,,,,,,,,,,,,,,,,,,,
San Diego Chargers,17,Final,L,10-06-13,5,7,A,2035,Pacific,70,Partly Cloudy,27,27.00,25.50,5.5,Y,,,,,,,,,,,,,,,,,,,,
Oakland Raiders,27,Final,W,10-06-13,5,7,H,2035,Pacific,70,Partly Cloudy,17,17.75,22.75,-5.5,Y,,,,,,,,,,,,,,,,,,,,
New York Jets,30,Final,W,10-07-13,5,8,A,2040,Eastern,Dome,0,28,17.00,22.00,-10.0,Y,,,,,,,,,,,,,,,,,,,,
Atlanta Falcons,28,Final,L,10-07-13,5,8,H,2040,Eastern,Dome,,30,23.50,26.00,10.0,Y,,,,,,,,,,,,,,,,,,,,
New York Giants,21,Final,L,10-10-13,6,4,A,1925,Central,63,Clear,27,16.40,36.40,-9.0,N,,,,,,,,,,,,,,,,,,,,
Chicago Bears,27,Final,W,10-10-13,6,4,H,1925,Central,63,Clear,21,29.00,28.00,9.0,N,,,,,,,,,,,,,,,,,,,,
Oakland Raiders,7,Final,L,10-13-13,6,7,A,1200,Central,63,Sunny,24,19.60,21.60,-8.0,N,,,,,,,,,,,,,,,,,,,,
Kansas City Chiefs,24,Final,W,10-13-13,6,7,H,1200,Central,63,Sunny,7,25.60,11.60,8.0,N,,,,,,,,,,,,,,,,,,,,
Green Bay Packers,19,Final,W,10-13-13,5,7,A,1300,Eastern,61,Cloudy,17,29.50,24.25,2.0,N,,,,,,,,,,,,,,,,,,,,
Baltimore Ravens,17,Final,L,10-13-13,6,7,H,1300,Eastern,61,Cloudy,19,23.40,22.00,-2.0,N,,,,,,,,,,,,,,,,,,,,
Detroit Lions,31,Final,W,10-13-13,6,7,A,1300,Eastern,66,Cloudy,17,26.20,24.60,2.0,N,,,,,,,,,,,,,,,,,,,,
Cleveland Browns,17,Final,L,10-13-13,6,10,H,1300,Eastern,66,Cloudy,31,20.20,18.80,-2.0,N,,,,,,,,,,,,,,,,,,,,
Cincinnati Bengals,27,OT,W,10-13-13,6,7,A,1300,Eastern,65,Mostly Cloudy,24,18.80,17.40,6.0,N,,,,,,,,,,,,,,,,,,,,
Buffalo Bills,24,OT,L,10-13-13,6,10,H,1300,Eastern,65,Mostly Cloudy,27,22.40,26.00,-6.0,N,,,,,,,,,,,,,,,,,,,,
Philadelphia Eagles,31,Final,W,10-13-13,6,7,A,1300,Eastern,82,Cloudy,20,27.00,31.80,3.0,N,,,,,,,,,,,,,,,,,,,,
Tampa Bay Buccaneers,20,Final,L,10-13-13,5,14,H,1300,Eastern,82,Cloudy,31,11.00,17.50,-3.0,N,,,,,,,,,,,,,,,,,,,,
Pittsburgh Steelers,19,Final,W,10-13-13,5,14,A,1300,Eastern,62,Cloudy,6,17.25,27.50,1.5,N,,,,,,,,,,,,,,,,,,,,
New York Jets,6,Final,L,10-13-13,6,6,H,1300,Eastern,62,Cloudy,19,19.60,23.20,-1.5,N,,,,,,,,,,,,,,,,,,,,
St. Louis Rams,38,Final,W,10-13-13,6,7,A,1200,Central,Dome,0,13,20.60,28.20,-9.0,Y,,,,,,,,,,,,,,,,,,,,
Houston Texans,13,Final,L,10-13-13,6,7,H,1200,Central,Dome,,38,18.60,27.80,9.0,Y,,,,,,,,,,,,,,,,,,,,
Carolina Panthers,35,Final,W,10-13-13,5,7,A,1200,Central,Dome,0,10,18.50,14.50,-2.5,Y,,,,,,,,,,,,,,,,,,,,
Minnesota Vikings,10,Final,L,10-13-13,5,14,H,1200,Central,Dome,,35,28.75,30.75,2.5,Y,,,,,,,,,,,,,,,,,,,,
Jacksonville Jaguars,19,Final,L,10-13-13,6,7,A,1405,Mountain,59,Partly Cloudy,35,10.20,32.60,-27.0,N,,,,,,,,,,,,,,,,,,,,
Denver Broncos,35,Final,W,10-13-13,6,7,H,1405,Mountain,59,Partly Cloudy,19,46.00,27.80,27.0,N,,,,,,,,,,,,,,,,,,,,
Tennessee Titans,13,Final,L,10-13-13,6,7,A,1305,Pacific,51,Sunny,20,23.00,19.00,-12.5,N,,,,,,,,,,,,,,,,,,,,
Seattle Seahawks,20,Final,W,10-13-13,6,7,H,1305,Pacific,51,Sunny,13,27.40,16.20,12.5,N,,,,,,,,,,,,,,,,,,,,
New Orleans Saints,27,Final,L,10-13-13,6,7,A,1625,Eastern,59,Partly Cloudy,30,26.80,14.60,-2.0,N,,,,,,,,,,,,,,,,,,,,
New England Patriots,30,Final,W,10-13-13,6,7,H,1625,Eastern,59,Partly Cloudy,27,19.00,14.00,2.0,N,,,,,,,,,,,,,,,,,,,,
Arizona Cardinals,20,Final,L,10-13-13,6,7,A,1325,Pacific,65,Sunny,32,18.20,19.00,-10.0,N,,,,,,,,,,,,,,,,,,,,
San Francisco 49ers,32,Final,W,10-13-13,6,7,H,1325,Pacific,65,Sunny,20,22.60,19.60,10.0,N,,,,,,,,,,,,,,,,,,,,
Washington Redskins,16,Final,L,10-13-13,5,14,A,1930,Central,Dome,0,31,22.75,28.00,-5.5,N,,,,,,,,,,,,,,,,,,,,
Dallas Cowboys,31,Final,W,10-13-13,6,7,H,1930,Central,Dome,,16,30.40,27.20,5.5,N,,,,,,,,,,,,,,,,,,,,
Indianapolis Colts,9,Final,L,10-14-13,6,8,A,1740,Pacific,69,Sunny,19,27.80,15.80,1.5,Y,,,,,,,,,,,,,,,,,,,,
San Diego Chargers,19,Final,W,10-14-13,6,8,H,1740,Pacific,69,Sunny,9,25.00,25.80,-1.5,Y,,,,,,,,,,,,,,,,,,,,
Seattle Seahawks,34,Final,W,10-17-13,7,4,A,1725,Pacific,82,Clear,22,26.17,15.67,5.5,N,,,,,,,,,,,,,,,,,,,,
Arizona Cardinals,22,Final,L,10-17-13,7,4,H,1725,Pacific,82,Clear,34,18.50,21.17,-5.5,N,,,,,,,,,,,,,,,,,,,,
Dallas Cowboys,17,Final,W,10-20-13,7,7,A,1300,Eastern,60,Sunny,3,30.50,25.33,-3.0,Y,,,,,,,,,,,,,,,,,,,,
Philadelphia Eagles,3,Final,L,10-20-13,7,7,H,1300,Eastern,60,Sunny,17,27.67,29.83,3.0,Y,,,,,,,,,,,,,,,,,,,,
Buffalo Bills,23,Final,W,10-20-13,7,7,A,1300,Eastern,87,Partly Cloudy,21,22.67,26.17,-6.0,Y,,,,,,,,,,,,,,,,,,,,
Miami Dolphins,21,Final,L,10-20-13,6,14,H,1300,Eastern,87,Partly Cloudy,23,22.80,23.40,6.0,Y,,,,,,,,,,,,,,,,,,,,
Tampa Bay Buccaneers,23,Final,L,10-20-13,6,7,A,1300,Eastern,Dome,0,31,12.80,20.20,-6.5,N,,,,,,,,,,,,,,,,,,,,
Atlanta Falcons,31,Final,W,10-20-13,6,13,H,1300,Eastern,Dome,,23,24.40,26.80,6.5,N,,,,,,,,,,,,,,,,,,,,
Cincinnati Bengals,27,Final,W,10-20-13,7,7,A,1300,Eastern,Dome,0,24,20.17,18.50,-3.0,Y,,,,,,,,,,,,,,,,,,,,
Detroit Lions,24,Final,L,10-20-13,7,7,H,1300,Eastern,Dome,,27,27.00,23.33,3.0,Y,,,,,,,,,,,,,,,,,,,,
San Diego Chargers,24,Final,W,10-20-13,7,6,A,1300,Eastern,73,0,6,24.00,23.00,-7.0,Y,,,,,,,,,,,,,,,,,,,,
Jacksonville Jaguars,6,Final,L,10-20-13,7,7,H,1300,Eastern,73,,24,11.67,33.00,7.0,Y,,,,,,,,,,,,,,,,,,,,
New England Patriots,27,OT,L,10-20-13,7,7,A,1300,Eastern,63,Sunny,30,20.83,16.17,3.5,Y,,,,,,,,,,,,,,,,,,,,
New York Jets,30,OT,W,10-20-13,7,7,H,1300,Eastern,63,Sunny,27,17.33,22.50,-3.5,Y,,,,,,,,,,,,,,,,,,,,
St. Louis Rams,15,Final,L,10-20-13,7,7,A,1300,Eastern,68,Sunny,30,23.50,25.67,-7.0,N,,,,,,,,,,,,,,,,,,,,
Carolina Panthers,30,Final,W,10-20-13,6,7,H,1300,Eastern,68,Sunny,15,21.80,13.60,7.0,N,,,,,,,,,,,,,,,,,,,,
Chicago Bears,41,Final,L,10-20-13,7,10,A,1300,Eastern,61,Sunny,45,28.67,26.83,1.0,Y,,,,,,,,,,,,,,,,,,,,
Washington Redskins,45,Final,W,10-20-13,6,7,H,1300,Eastern,61,Sunny,41,21.40,28.60,-1.0,Y,,,,,,,,,,,,,,,,,,,,
San Francisco 49ers,31,Final,W,10-20-13,7,7,A,1505,Central,68,Sunny,17,24.17,19.67,3.5,N,,,,,,,,,,,,,,,,,,,,
Tennessee Titans,17,Final,L,10-20-13,7,7,H,1505,Central,68,Sunny,31,21.33,19.17,-3.5,N,,,,,,,,,,,,,,,,,,,,
Cleveland Browns,13,Final,L,10-20-13,7,7,A,1525,Central,46,Light Rain,31,19.67,20.83,-8.5,N,,,,,,,,,,,,,,,,,,,,
Green Bay Packers,31,Final,W,10-20-13,6,7,H,1525,Central,46,Light Rain,13,27.40,22.80,8.5,N,,,,,,,,,,,,,,,,,,,,
Baltimore Ravens,16,Final,L,10-20-13,7,7,A,1625,Eastern,57,Partly Cloudy,19,22.33,21.50,-2.0,N,,,,,,,,,,,,,,,,,,,,
Pittsburgh Steelers,19,Final,W,10-20-13,6,7,H,1625,Eastern,57,Partly Cloudy,16,17.60,23.20,2.0,N,,,,,,,,,,,,,,,,,,,,
Houston Texans,16,Final,L,10-20-13,7,7,A,1525,Central,70,Sunny,17,17.67,29.50,-7.0,N,,,,,,,,,,,,,,,,,,,,
Kansas City Chiefs,17,Final,W,10-20-13,7,7,H,1525,Central,70,Sunny,16,25.33,10.83,7.0,N,,,,,,,,,,,,,,,,,,,,
Denver Broncos,33,Final,L,10-20-13,7,7,A,2030,Eastern,57,Clear,39,44.17,26.33,6.5,Y,,,,,,,,,,,,,,,,,,,,
Indianapolis Colts,39,Final,W,10-20-13,7,6,H,2030,Eastern,57,Clear,33,24.67,16.33,-6.5,Y,,,,,,,,,,,,,,,,,,,,
Minnesota Vikings,7,Final,L,10-21-13,6,8,A,2040,Eastern,57,Partly Cloudy,23,25.00,31.60,-4.0,N,,,,,,,,,,,,,,,,,,,,
New York Giants,23,Final,W,10-21-13,7,11,H,2040,Eastern,57,Partly Cloudy,7,17.17,34.83,4.0,N,,,,,,,,,,,,,,,,,,,,
Carolina Panthers,31,Final,W,10-24-13,7,4,A,2025,Eastern,70,Cloudy,13,23.17,13.83,7.0,N,,,,,,,,,,,,,,,,,,,,
Tampa Bay Buccaneers,13,Final,L,10-24-13,7,4,H,2025,Eastern,70,Cloudy,31,14.50,22.00,-7.0,N,,,,,,,,,,,,,,,,,,,,
Cleveland Browns,17,Final,L,10-27-13,8,7,A,1200,Central,52,Sunny,23,18.71,22.29,-7.0,N,,,,,,,,,,,,,,,,,,,,
Kansas City Chiefs,23,Final,W,10-27-13,8,7,H,1200,Central,52,Sunny,17,24.14,11.57,7.0,N,,,,,,,,,,,,,,,,,,,,
Buffalo Bills,17,Final,L,10-27-13,8,7,A,1200,Central,Dome,0,35,22.71,25.43,-10.5,N,,,,,,,,,,,,,,,,,,,,
New Orleans Saints,35,Final,W,10-27-13,7,14,H,1200,Central,Dome,,17,26.83,17.17,10.5,N,,,,,,,,,,,,,,,,,,,,
Miami Dolphins,17,Final,L,10-27-13,7,7,A,1300,Eastern,53,Partly Cloudy,27,22.50,23.33,-6.5,N,,,,,,,,,,,,,,,,,,,,
New England Patriots,27,Final,W,10-27-13,8,7,H,1300,Eastern,53,Partly Cloudy,17,21.71,18.14,6.5,N,,,,,,,,,,,,,,,,,,,,
New York Giants,15,Final,W,10-27-13,8,6,A,1300,Eastern,56,Sunny,7,18.00,30.86,-5.5,Y,,,,,,,,,,,,,,,,,,,,
Philadelphia Eagles,7,Final,L,10-27-13,8,7,H,1300,Eastern,56,Sunny,15,24.14,28.00,5.5,Y,,,,,,,,,,,,,,,,,,,,
Dallas Cowboys,30,Final,L,10-27-13,8,7,A,1300,Eastern,Dome,0,31,28.57,22.14,-3.0,N,,,,,,,,,,,,,,,,,,,,
Detroit Lions,31,Final,W,10-27-13,8,7,H,1300,Eastern,Dome,,30,26.57,23.86,3.0,N,,,,,,,,,,,,,,,,,,,,
San Francisco 49ers,42,Final,W,10-27-13,8,7,A*,1300,Eastern,60,Rain Showers,10,25.14,19.29,16.0,N,,,,,,,,,,,,,,,,,,,,
Jacksonville Jaguars,10,Final,L,10-27-13,8,7,H*,1300,Eastern,60,Rain Showers,42,10.86,31.71,-16.0,N,,,,,,,,,,,,,,,,,,,,
Atlanta Falcons,13,Final,L,10-27-13,7,7,A,1305,Pacific,Dome,0,27,25.50,26.17,-2.5,N,,,,,,,,,,,,,,,,,,,,
Arizona Cardinals,27,Final,W,10-27-13,8,10,H,1305,Pacific,Dome,,13,19.00,23.00,2.5,N,,,,,,,,,,,,,,,,,,,,
Pittsburgh Steelers,18,Final,L,10-27-13,7,7,A,1305,Pacific,56,Overcast,21,17.83,22.00,3.0,Y,,,,,,,,,,,,,,,,,,,,
Oakland Raiders,21,Final,W,10-27-13,7,14,H,1305,Pacific,56,Overcast,18,17.50,22.00,-3.0,Y,,,,,,,,,,,,,,,,,,,,
New York Jets,9,Final,L,10-27-13,8,7,A,1605,Eastern,57,Sunny,49,19.14,23.14,-6.0,N,,,,,,,,,,,,,,,,,,,,
Cincinnati Bengals,49,Final,W,10-27-13,8,7,H,1605,Eastern,57,Sunny,9,21.14,19.29,6.0,N,,,,,,,,,,,,,,,,,,,,
Washington Redskins,21,Final,L,10-27-13,7,7,A,1424,Mountain,69,Mostly Sunny,45,25.33,30.67,-11.0,N,,,,,,,,,,,,,,,,,,,,
Denver Broncos,45,Final,W,10-27-13,8,7,H,1424,Mountain,69,Mostly Sunny,21,42.57,28.14,11.0,N,,,,,,,,,,,,,,,,,,,,
Green Bay Packers,44,Final,W,10-27-13,7,7,A,1930,Central,Dome,0,31,28.00,21.17,7.5,N,,,,,,,,,,,,,,,,,,,,
Minnesota Vikings,31,Final,L,10-27-13,7,6,H,1930,Central,Dome,,44,22.00,30.17,-7.5,N,,,,,,,,,,,,,,,,,,,,
Seattle Seahawks,14,Final,W,10-28-13,8,11,A,1940,Central,Dome,0,9,27.29,16.57,14.0,N,,,,,,,,,,,,,,,,,,,,
St. Louis Rams,9,Final,L,10-28-13,8,8,H,1940,Central,Dome,,14,22.29,26.29,-14.0,N,,,,,,,,,,,,,,,,,,,,
Cincinnati Bengals,20,OT,L,10-31-13,9,4,A,2025,Eastern,79,Partly Cloudy,22,24.63,18.00,3.0,Y,,,,,,,,,,,,,,,,,,,,
Miami Dolphins,22,OT,W,10-31-13,8,4,H,2025,Eastern,79,Partly Cloudy,20,21.71,23.86,-3.0,Y,,,,,,,,,,,,,,,,,,,,
Tennessee Titans,28,Final,W,11-03-13,8,14,A,1200,Central,Dome,0,21,20.71,20.86,3.0,N,,,,,,,,,,,,,,,,,,,,
St. Louis Rams,21,Final,L,11-03-13,9,6,H,1200,Central,Dome,,28,20.63,24.75,-3.0,N,,,,,,,,,,,,,,,,,,,,
Kansas City Chiefs,23,Final,W,11-03-13,9,7,A,1300,Eastern,36,Overcast,13,24.00,12.25,5.0,N,,,,,,,,,,,,,,,,,,,,
Buffalo Bills,13,Final,L,11-03-13,9,7,H,1300,Eastern,36,Overcast,23,22.00,26.63,-5.0,N,,,,,,,,,,,,,,,,,,,,
Minnesota Vikings,23,Final,L,11-03-13,8,7,A,1200,Central,Dome,0,27,23.29,32.14,-9.0,N,,,,,,,,,,,,,,,,,,,,
Dallas Cowboys,27,Final,W,11-03-13,9,7,H,1200,Central,Dome,,23,28.75,23.25,9.0,N,,,,,,,,,,,,,,,,,,,,
San Diego Chargers,24,OT,L,11-03-13,8,14,A,1300,Eastern,57,Sunny,30,24.00,20.57,-1.5,N,,,,,,,,,,,,,,,,,,,,
Washington Redskins,30,OT,W,11-03-13,8,7,H,1300,Eastern,57,Sunny,24,24.71,32.71,1.5,N,,,,,,,,,,,,,,,,,,,,
Atlanta Falcons,10,Final,L,11-03-13,8,7,A,1300,Eastern,62,Sunny,34,23.71,26.29,-8.5,N,,,,,,,,,,,,,,,,,,,,
Carolina Panthers,34,Final,W,11-03-13,8,10,H,1300,Eastern,62,Sunny,10,24.29,13.71,8.5,N,,,,,,,,,,,,,,,,,,,,
New Orleans Saints,20,Final,L,11-03-13,8,7,A,1300,Eastern,48,0,26,28.00,17.14,6.0,Y,,,,,,,,,,,,,,,,,,,,
New York Jets,26,Final,W,11-03-13,9,7,H,1300,Eastern,48,,20,17.88,26.38,-6.0,Y,,,,,,,,,,,,,,,,,,,,
Philadelphia Eagles,49,Final,W,11-03-13,9,7,A,1305,Pacific,62,"Sunny, Haze",20,22.00,26.38,-1.0,Y,,,,,,,,,,,,,,,,,,,,
Oakland Raiders,20,Final,L,11-03-13,8,7,H,1305,Pacific,62,"Sunny, Haze",49,18.00,21.43,1.0,Y,,,,,,,,,,,,,,,,,,,,
Tampa Bay Buccaneers,24,OT,L,11-03-13,8,10,A,1305,Pacific,48,Sunny,27,14.29,23.29,-16.0,N,,,,,,,,,,,,,,,,,,,,
Seattle Seahawks,27,OT,W,11-03-13,9,6,H,1305,Pacific,48,Sunny,24,25.63,15.63,16.0,N,,,,,,,,,,,,,,,,,,,,
Baltimore Ravens,18,Final,L,11-03-13,8,14,A,1625,Eastern,46,Sunny,24,21.43,21.14,1.5,Y,,,,,,,,,,,,,,,,,,,,
Cleveland Browns,24,Final,W,11-03-13,9,7,H,1625,Eastern,46,Sunny,18,18.50,22.38,-1.5,Y,,,,,,,,,,,,,,,,,,,,
Pittsburgh Steelers,31,Final,L,11-03-13,8,7,A,1625,Eastern,44,"Partly Cloudy, Cool, Windy",55,17.86,21.86,-6.0,N,,,,,,,,,,,,,,,,,,,,
New England Patriots,55,Final,W,11-03-13,9,7,H,1625,Eastern,44,"Partly Cloudy, Cool, Windy",31,22.38,18.00,6.0,N,,,,,,,,,,,,,,,,,,,,
Indianapolis Colts,27,Final,W,11-03-13,8,14,A,1930,Central,60,Clear,24,26.71,18.71,1.5,N,,,,,,,,,,,,,,,,,,,,
Houston Texans,24,Final,L,11-03-13,8,14,H,1930,Central,60,Clear,27,17.43,27.71,-1.5,N,,,,,,,,,,,,,,,,,,,,
Chicago Bears,27,Final,W,11-04-13,8,15,A,1940,Central,49,Cloudy,20,30.43,29.43,-10.0,Y,,,,,,,,,,,,,,,,,,,,
Green Bay Packers,20,Final,L,11-04-13,8,8,H,1940,Central,49,Cloudy,27,30.29,22.57,10.0,Y,,,,,,,,,,,,,,,,,,,,
Washington Redskins,27,Final,L,11-07-13,9,4,A,1925,Central,Dome,0,34,25.38,31.63,1.5,Y,,,,,,,,,,,,,,,,,,,,
Minnesota Vikings,34,Final,W,11-07-13,9,4,H,1925,Central,Dome,,27,23.25,31.50,-1.5,Y,,,,,,,,,,,,,,,,,,,,
Philadelphia Eagles,27,Final,W,11-10-13,10,7,A,1200,Central,45,Mostly Sunny,13,25.00,25.67,1.0,N,,,,,,,,,,,,,,,,,,,,
Green Bay Packers,13,Final,L,11-10-13,9,6,H,1200,Central,45,Mostly Sunny,27,29.00,23.13,-1.0,N,,,,,,,,,,,,,,,,,,,,
Buffalo Bills,10,Final,L,11-10-13,10,7,A,1300,Eastern,46,Mostly Cloudy,23,21.00,26.22,-3.0,N,,,,,,,,,,,,,,,,,,,,
Pittsburgh Steelers,23,Final,W,11-10-13,9,7,H,1300,Eastern,46,Mostly Cloudy,10,19.50,26.00,3.0,N,,,,,,,,,,,,,,,,,,,,
Jacksonville Jaguars,29,Final,W,11-10-13,9,14,A,1200,Central,62,Sunny,27,10.75,33.00,-11.5,Y,,,,,,,,,,,,,,,,,,,,
Tennessee Titans,27,Final,L,11-10-13,9,7,H,1200,Central,62,Sunny,29,21.63,20.88,11.5,Y,,,,,,,,,,,,,,,,,,,,
Cincinnati Bengals,17,OT,L,11-10-13,10,10,A,1300,Eastern,60,Sunny,20,24.11,18.44,-1.0,N,,,,,,,,,,,,,,,,,,,,
Baltimore Ravens,20,OT,W,11-10-13,9,7,H,1300,Eastern,60,Sunny,17,21.00,21.50,1.0,N,,,,,,,,,,,,,,,,,,,,
Seattle Seahawks,33,Final,W,11-10-13,10,7,A,1300,Eastern,Dome,0,10,25.78,16.56,3.5,N,,,,,,,,,,,,,,,,,,,,
Atlanta Falcons,10,Final,L,11-10-13,9,7,H,1300,Eastern,Dome,,33,22.00,27.25,-3.5,N,,,,,,,,,,,,,,,,,,,,
St. Louis Rams,38,Final,W,11-10-13,10,7,A,1300,Eastern,Dome,0,8,20.67,25.11,-7.5,Y,,,,,,,,,,,,,,,,,,,,
Indianapolis Colts,8,Final,L,11-10-13,9,7,H,1300,Eastern,Dome,,38,26.75,19.38,7.5,Y,,,,,,,,,,,,,,,,,,,,
Detroit Lions,21,Final,W,11-10-13,9,14,A,1200,Central,47,Mostly Sunny,19,27.13,24.63,1.0,N,,,,,,,,,,,,,,,,,,,,
Chicago Bears,19,Final,L,11-10-13,9,6,H,1200,Central,47,Mostly Sunny,21,30.00,28.25,-1.0,N,,,,,,,,,,,,,,,,,,,,
Oakland Raiders,20,Final,L,11-10-13,9,7,A,1300,Eastern,49,Cloudy,24,18.25,24.88,-7.0,N,,,,,,,,,,,,,,,,,,,,
New York Giants,24,Final,W,11-10-13,9,14,H,1300,Eastern,49,Cloudy,20,17.63,27.88,7.0,N,,,,,,,,,,,,,,,,,,,,
Carolina Panthers,10,Final,W,11-10-13,9,7,A,1305,Pacific,62,Sunny,9,25.50,13.25,-6.0,Y,,,,,,,,,,,,,,,,,,,,
San Francisco 49ers,9,Final,L,11-10-13,9,14,H,1305,Pacific,62,Sunny,10,27.25,18.13,6.0,Y,,,,,,,,,,,,,,,,,,,,
Denver Broncos,28,Final,W,11-10-13,9,14,A,1325,Pacific,78,Sunny,20,42.88,27.25,7.0,N,,,,,,,,,,,,,,,,,,,,
San Diego Chargers,20,Final,L,11-10-13,9,7,H,1325,Pacific,78,Sunny,28,24.00,21.75,-7.0,N,,,,,,,,,,,,,,,,,,,,
Houston Texans,24,Final,L,11-10-13,9,7,A,1425,Mountain,Dome,0,27,18.25,27.63,-4.0,N,,,,,,,,,,,,,,,,,,,,
Arizona Cardinals,27,Final,W,11-10-13,9,14,H,1425,Mountain,Dome,,24,20.00,21.75,4.0,N,,,,,,,,,,,,,,,,,,,,
Dallas Cowboys,17,Final,L,11-10-13,10,7,A,1920,Central,Dome,0,49,28.56,23.22,-6.5,N,,,,,,,,,,,,,,,,,,,,
New Orleans Saints,49,Final,W,11-10-13,9,7,H,1920,Central,Dome,,17,27.00,18.25,6.5,N,,,,,,,,,,,,,,,,,,,,
Miami Dolphins,19,Final,L,11-11-13,9,11,A,2040,Eastern,73,Sunny,22,21.75,23.38,2.5,Y,,,,,,,,,,,,,,,,,,,,
Tampa Bay Buccaneers,22,Final,W,11-11-13,9,8,H,2040,Eastern,73,Sunny,19,15.50,23.75,-2.5,Y,,,,,,,,,,,,,,,,,,,,
Indianapolis Colts,30,Final,W,11-14-13,10,4,A,1925,Central,44,Clear,27,24.67,21.44,3.0,N,,,,,,,,,,,,,,,,,,,,
Tennessee Titans,27,Final,L,11-14-13,10,4,H,1925,Central,44,Clear,30,22.22,21.78,-3.0,N,,,,,,,,,,,,,,,,,,,,
Baltimore Ravens,20,OT,L,11-17-13,10,7,A,1200,Central,68,"Cloudy, Thunderstorms, Wind 34 mph",23,20.89,21.00,-3.0,N,,,,,,,,,,,,,,,,,,,,
Chicago Bears,23,OT,W,11-17-13,10,7,H,1200,Central,68,"Cloudy, Thunderstorms, Wind 34 mph",20,28.78,27.44,3.0,N,,,,,,,,,,,,,,,,,,,,
Detroit Lions,27,Final,L,11-17-13,10,7,A,1300,Eastern,60,Thunderstorms,37,26.44,24.00,3.0,Y,,,,,,,,,,,,,,,,,,,,
Pittsburgh Steelers,37,Final,W,11-17-13,10,7,H,1300,Eastern,60,Thunderstorms,27,19.89,24.22,-3.0,Y,,,,,,,,,,,,,,,,,,,,
Cleveland Browns,20,Final,L,11-17-13,10,14,A,1300,Eastern,62,Cloudy,41,19.11,21.89,-5.0,N,,,,,,,,,,,,,,,,,,,,
Cincinnati Bengals,41,Final,W,11-17-13,11,7,H,1300,Eastern,62,Cloudy,20,23.40,18.60,5.0,N,,,,,,,,,,,,,,,,,,,,
Washington Redskins,16,Final,L,11-17-13,10,10,A,1300,Eastern,64,Partly Sunny,24,25.56,31.89,-4.5,N,,,,,,,,,,,,,,,,,,,,
Philadelphia Eagles,24,Final,W,11-17-13,11,7,H,1300,Eastern,64,Partly Sunny,16,25.20,24.40,4.5,N,,,,,,,,,,,,,,,,,,,,
New York Jets,14,Final,L,11-17-13,10,14,A,1300,Eastern,62,Cloudy,37,18.78,25.67,2.0,Y,,,,,,,,,,,,,,,,,,,,
Buffalo Bills,37,Final,W,11-17-13,11,7,H,1300,Eastern,62,Cloudy,14,19.90,25.90,-2.0,Y,,,,,,,,,,,,,,,,,,,,
Atlanta Falcons,28,Final,L,11-17-13,10,7,A,1300,Eastern,79,Cloudy,41,20.67,27.89,-2.0,N,,,,,,,,,,,,,,,,,,,,
Tampa Bay Buccaneers,41,Final,W,11-17-13,10,6,H,1300,Eastern,79,Cloudy,28,16.22,23.22,2.0,N,,,,,,,,,,,,,,,,,,,,
Oakland Raiders,28,Final,W,11-17-13,10,7,A,1200,Central,Dome,0,23,18.44,24.78,-10.5,Y,,,,,,,,,,,,,,,,,,,,
Houston Texans,23,Final,L,11-17-13,10,7,H,1200,Central,Dome,,28,18.89,27.56,10.5,Y,,,,,,,,,,,,,,,,,,,,
Arizona Cardinals,27,Final,W,11-17-13,10,7,A,1300,Eastern,76,Chance of Rain,14,20.78,22.00,9.0,N,,,,,,,,,,,,,,,,,,,,
Jacksonville Jaguars,14,Final,L,11-17-13,10,7,H,1300,Eastern,76,Chance of Rain,27,12.78,32.33,-9.0,N,,,,,,,,,,,,,,,,,,,,
San Diego Chargers,16,Final,L,11-17-13,10,7,A,1605,Eastern,81,Cloudy,20,23.56,22.44,2.5,Y,,,,,,,,,,,,,,,,,,,,
Miami Dolphins,20,Final,W,11-17-13,10,6,H,1605,Eastern,81,Cloudy,16,21.44,23.22,-2.5,Y,,,,,,,,,,,,,,,,,,,,
San Francisco 49ers,20,Final,L,11-17-13,10,7,A,1525,Central,Dome,0,23,25.22,17.22,-3.0,N,,,,,,,,,,,,,,,,,,,,
New Orleans Saints,23,Final,W,11-17-13,10,7,H,1525,Central,Dome,,20,29.44,18.11,3.0,N,,,,,,,,,,,,,,,,,,,,
Green Bay Packers,13,Final,L,11-17-13,10,7,A,1625,Eastern,59,Mostly Cloudy,27,27.22,23.56,-3.5,N,,,,,,,,,,,,,,,,,,,,
New York Giants,27,Final,W,11-17-13,10,7,H,1625,Eastern,59,Mostly Cloudy,13,18.33,27.00,3.5,N,,,,,,,,,,,,,,,,,,,,
Minnesota Vikings,20,Final,L,11-17-13,10,10,A,1325,Pacific,50,"Sunny, Wind 14 mph",41,24.44,31.00,-13.0,N,,,,,,,,,,,,,,,,,,,,
Seattle Seahawks,41,Final,W,11-17-13,11,7,H,1325,Pacific,50,"Sunny, Wind 14 mph",20,26.50,15.90,13.0,N,,,,,,,,,,,,,,,,,,,,
Kansas City Chiefs,17,Final,L,11-17-13,10,14,A,1830,Mountain,43,Clear,27,23.89,12.33,-7.5,N,,,,,,,,,,,,,,,,,,,,
Denver Broncos,27,Final,W,11-17-13,10,7,H,1830,Mountain,43,Clear,17,41.22,26.44,7.5,N,,,,,,,,,,,,,,,,,,,,
New England Patriots,20,Final,L,11-18-13,10,15,A,2040,Eastern,59,Cloudy,24,26.00,19.44,-3.0,N,,,,,,,,,,,,,,,,,,,,
Carolina Panthers,24,Final,W,11-18-13,10,8,H,2040,Eastern,59,Cloudy,20,23.78,12.78,3.0,N,,,,,,,,,,,,,,,,,,,,
New Orleans Saints,17,Final,W,11-21-13,11,4,A,2025,Eastern,Dome,0,13,28.80,18.30,-8.0,Y,,,,,,,,,,,,,,,,,,,,
Atlanta Falcons,13,Final,L,11-21-13,11,4,H,2025,Eastern,Dome,,17,21.40,29.20,8.0,Y,,,,,,,,,,,,,,,,,,,,
Chicago Bears,21,Final,L,11-24-13,11,7,A,1200,Central,Dome,0,42,28.20,26.70,-2.0,N,,,,,,,,,,,,,,,,,,,,
St. Louis Rams,42,Final,W,11-24-13,11,14,H,1200,Central,Dome,,21,22.40,23.40,2.0,N,,,,,,,,,,,,,,,,,,,,
Jacksonville Jaguars,13,Final,W,11-24-13,11,7,A,1200,Central,Dome,0,6,12.90,31.80,-10.5,Y,,,,,,,,,,,,,,,,,,,,
Houston Texans,6,Final,L,11-24-13,11,7,H,1200,Central,Dome,,13,19.30,27.60,10.5,Y,,,,,,,,,,,,,,,,,,,,
Minnesota Vikings,26,OT,T,11-24-13,11,7,A,1200,Central,19,Mostly Cloudy,26,24.00,32.00,-6.0,Y,,,,,,,,,,,,,,,,,,,,
Green Bay Packers,26,OT,T,11-24-13,11,7,H,1200,Central,19,Mostly Cloudy,26,25.80,23.90,6.0,Y,,,,,,,,,,,,,,,,,,,,
New York Jets,3,Final,L,11-24-13,11,7,A,1300,Eastern,33,"Partly Cloudy, Windy",19,18.30,26.80,-4.0,N,,,,,,,,,,,,,,,,,,,,
Baltimore Ravens,19,Final,W,11-24-13,11,7,H,1300,Eastern,33,"Partly Cloudy, Windy",3,20.80,21.20,4.0,N,,,,,,,,,,,,,,,,,,,,
Pittsburgh Steelers,27,Final,W,11-24-13,11,7,A,1300,Eastern,20,"Cold, Snow",11,21.60,24.50,-2.5,Y,,,,,,,,,,,,,,,,,,,,
Cleveland Browns,11,Final,L,11-24-13,11,7,H,1300,Eastern,20,"Cold, Snow",27,19.20,23.80,2.5,Y,,,,,,,,,,,,,,,,,,,,
Carolina Panthers,20,Final,W,11-24-13,11,6,A,1300,Eastern,82,Cloudy,16,23.80,13.50,5.0,N,,,,,,,,,,,,,,,,,,,,
Miami Dolphins,16,Final,L,11-24-13,11,7,H,1300,Eastern,82,Cloudy,20,21.30,22.50,-5.0,N,,,,,,,,,,,,,,,,,,,,
San Diego Chargers,41,Final,W,11-24-13,11,7,A,1200,Central,24,Mostly Sunny,38,22.80,22.20,-3.5,Y,,,,,,,,,,,,,,,,,,,,
Kansas City Chiefs,38,Final,L,11-24-13,11,7,H,1200,Central,24,Mostly Sunny,41,23.20,13.80,3.5,Y,,,,,,,,,,,,,,,,,,,,
Tampa Bay Buccaneers,24,Final,W,11-24-13,11,7,A,1300,Eastern,Dome,0,21,18.70,23.70,-7.0,Y,,,,,,,,,,,,,,,,,,,,
Detroit Lions,21,Final,L,11-24-13,11,7,H,1300,Eastern,Dome,,24,26.50,25.30,7.0,Y,,,,,,,,,,,,,,,,,,,,
Tennessee Titans,23,Final,W,11-24-13,11,10,A,1305,Pacific,58,Sunny,19,22.70,22.60,2.5,N,,,,,,,,,,,,,,,,,,,,
Oakland Raiders,19,Final,L,11-24-13,11,7,H,1305,Pacific,58,Sunny,23,19.40,24.60,-2.5,N,,,,,,,,,,,,,,,,,,,,
Indianapolis Colts,11,Final,L,11-24-13,11,10,A,1405,Mountain,Dome,0,40,25.20,22.00,-3.0,N,,,,,,,,,,,,,,,,,,,,
Arizona Cardinals,40,Final,W,11-24-13,11,7,H,1405,Mountain,Dome,,11,21.40,21.20,3.0,N,,,,,,,,,,,,,,,,,,,,
Dallas Cowboys,24,Final,W,11-24-13,11,14,A,1625,Eastern,25,Clear,21,27.40,25.80,-2.5,Y,,,,,,,,,,,,,,,,,,,,
New York Giants,21,Final,L,11-24-13,11,7,H,1625,Eastern,25,Clear,24,19.20,25.60,2.5,Y,,,,,,,,,,,,,,,,,,,,
Denver Broncos,31,OT,L,11-24-13,11,7,A,2030,Eastern,22,"Clear, Windy, Cold",34,39.80,25.50,1.0,Y,,,,,,,,,,,,,,,,,,,,
New England Patriots,34,OT,W,11-24-13,11,6,H,2030,Eastern,22,"Clear, Windy, Cold",31,25.40,19.90,-1.0,Y,,,,,,,,,,,,,,,,,,,,
San Francisco 49ers,27,Final,W,11-25-13,11,8,A,2040,Eastern,35,Sunny,6,24.70,17.80,5.5,N,,,,,,,,,,,,,,,,,,,,
Washington Redskins,6,Final,L,11-25-13,11,8,H,2040,Eastern,35,Sunny,27,24.60,31.10,-5.5,N,,,,,,,,,,,,,,,,,,,,
Green Bay Packers,10,Final,L,11-28-13,12,4,A,1230,Eastern,Dome,0,40,25.82,24.09,-6.5,N,,,,,,,,,,,,,,,,,,,,
Detroit Lions,40,Final,W,11-28-13,12,4,H,1230,Eastern,Dome,,10,26.00,25.18,6.5,N,,,,,,,,,,,,,,,,,,,,
Oakland Raiders,24,Final,L,11-28-13,12,4,A,1530,Central,Dome,0,31,19.36,24.45,-9.0,N,,,,,,,,,,,,,,,,,,,,
Dallas Cowboys,31,Final,W,11-28-13,12,4,H,1530,Central,Dome,,24,27.09,25.36,9.0,N,,,,,,,,,,,,,,,,,,,,
Pittsburgh Steelers,20,Final,L,11-28-13,12,4,A,2030,Eastern,37,Clear,22,22.09,23.27,-3.0,N,,,,,,,,,,,,,,,,,,,,
Baltimore Ravens,22,Final,W,11-28-13,12,4,H,2030,Eastern,37,Clear,20,20.64,19.55,3.0,N,,,,,,,,,,,,,,,,,,,,
Jacksonville Jaguars,32,Final,W,12-01-13,12,7,A,1300,Eastern,40,Overcast,28,12.91,29.45,-7.0,Y,,,,,,,,,,,,,,,,,,,,
Cleveland Browns,28,Final,L,12-01-13,12,7,H,1300,Eastern,40,Overcast,32,18.45,24.09,7.0,Y,,,,,,,,,,,,,,,,,,,,
New England Patriots,34,Final,W,12-01-13,12,7,A,1200,Central,64,Mostly Cloudy,31,26.18,20.91,7.0,N,,,,,,,,,,,,,,,,,,,,
Houston Texans,31,Final,L,12-01-13,12,7,H,1200,Central,64,Mostly Cloudy,34,18.09,26.27,-7.0,N,,,,,,,,,,,,,,,,,,,,
Tennessee Titans,14,Final,L,12-01-13,12,7,A,1300,Eastern,Dome,0,22,22.73,22.27,-3.5,N,,,,,,,,,,,,,,,,,,,,
Indianapolis Colts,22,Final,W,12-01-13,12,7,H,1300,Eastern,Dome,,14,23.91,23.64,3.5,N,,,,,,,,,,,,,,,,,,,,
Arizona Cardinals,21,Final,L,12-01-13,12,7,A,1300,Eastern,46,Sunny,24,23.09,20.27,-3.5,N,,,,,,,,,,,,,,,,,,,,
Philadelphia Eagles,24,Final,W,12-01-13,12,14,H,1300,Eastern,46,Sunny,21,25.09,23.64,3.5,N,,,,,,,,,,,,,,,,,,,,
Miami Dolphins,23,Final,W,12-01-13,12,7,A,1300,Eastern,48,Partly Cloudy,3,20.82,22.27,0.0,Y,,,,,,,,,,,,,,,,,,,,
New York Jets,3,Final,L,12-01-13,12,7,H,1300,Eastern,48,Partly Cloudy,23,16.91,26.09,0.0,Y,,,,,,,,,,,,,,,,,,,,
Tampa Bay Buccaneers,6,Final,L,12-01-13,12,7,A,1300,Eastern,56,Partly Cloudy,27,19.18,23.45,-7.0,N,,,,,,,,,,,,,,,,,,,,
Carolina Panthers,27,Final,W,12-01-13,12,7,H,1300,Eastern,56,Partly Cloudy,6,23.45,13.73,7.0,N,,,,,,,,,,,,,,,,,,,,
Chicago Bears,20,OT,L,12-01-13,12,7,A,1200,Central,Dome,0,23,27.55,28.09,-1.0,N,,,,,,,,,,,,,,,,,,,,
Minnesota Vikings,23,OT,W,12-01-13,12,7,H,1200,Central,Dome,,20,24.18,31.45,1.0,N,,,,,,,,,,,,,,,,,,,,
St. Louis Rams,13,Final,L,12-01-13,12,7,A,1305,Pacific,59,Sunny,23,24.18,23.18,-7.5,N,,,,,,,,,,,,,,,,,,,,
San Francisco 49ers,23,Final,W,12-01-13,12,6,H,1305,Pacific,59,Sunny,13,24.91,16.73,7.5,N,,,,,,,,,,,,,,,,,,,,
Atlanta Falcons,34,OT,W,12-01-13,12,10,A*,1605,Eastern,Dome,0,31,20.64,28.09,-4.5,Y,,,,,,,,,,,,,,,,,,,,
Buffalo Bills,31,OT,L,12-01-13,12,14,H*,1605,Eastern,Dome,,34,21.45,24.82,4.5,Y,,,,,,,,,,,,,,,,,,,,
Cincinnati Bengals,17,Final,W,12-01-13,12,14,A,1325,Pacific,77,Sunny,10,25.00,18.73,1.5,N,,,,,,,,,,,,,,,,,,,,
San Diego Chargers,10,Final,L,12-01-13,12,7,H,1325,Pacific,77,Sunny,17,24.45,23.64,-1.5,N,,,,,,,,,,,,,,,,,,,,
Denver Broncos,35,Final,W,12-01-13,12,7,A,1525,Central,55,"Sunny, Clear",28,39.00,26.27,5.5,N,,,,,,,,,,,,,,,,,,,,
Kansas City Chiefs,28,Final,L,12-01-13,12,7,H,1525,Central,55,"Sunny, Clear",35,24.55,16.27,-5.5,N,,,,,,,,,,,,,,,,,,,,
New York Giants,24,Final,W,12-01-13,12,7,A,2030,Eastern,43,Cloudy,17,19.36,25.45,-1.0,Y,,,,,,,,,,,,,,,,,,,,
Washington Redskins,17,Final,L,12-01-13,12,6,H,2030,Eastern,43,Cloudy,24,22.91,30.73,1.0,Y,,,,,,,,,,,,,,,,,,,,
New Orleans Saints,7,Final,L,12-02-13,12,11,A,1740,Pacific,41,Cloudy,34,27.73,17.82,-6.5,N,,,,,,,,,,,,,,,,,,,,
Seattle Seahawks,34,Final,W,12-02-13,12,15,H,1740,Pacific,41,Cloudy,7,27.82,16.27,6.5,N,,,,,,,,,,,,,,,,,,,,
Houston Texans,20,Final,L,12-05-13,13,4,A,2025,Eastern,72,0,27,19.17,26.92,3.0,Y,,,,,,,,,,,,,,,,,,,,
Jacksonville Jaguars,27,Final,W,12-05-13,13,4,H,2025,Eastern,72,,20,14.50,29.33,-3.0,Y,,,,,,,,,,,,,,,,,,,,
Oakland Raiders,27,Final,L,12-08-13,13,10,A,1300,Eastern,33,Cloudy,37,19.75,25.00,-3.0,N,,,,,,,,,,,,,,,,,,,,
New York Jets,37,Final,W,12-08-13,13,7,H,1300,Eastern,33,Cloudy,27,15.75,25.83,3.0,N,,,,,,,,,,,,,,,,,,,,
Atlanta Falcons,21,Final,L,12-08-13,13,7,A,1200,Central,9,Cloudy,22,21.75,28.33,-3.5,N,,,,,,,,,,,,,,,,,,,,
Green Bay Packers,22,Final,W,12-08-13,13,10,H,1200,Central,9,Cloudy,21,24.50,25.42,3.5,N,,,,,,,,,,,,,,,,,,,,
Indianapolis Colts,28,Final,L,12-08-13,13,7,A,1300,Eastern,25,"Cloudy, Chance of Snow",42,23.75,22.83,-7.0,N,,,,,,,,,,,,,,,,,,,,
Cincinnati Bengals,42,Final,W,12-08-13,13,7,H,1300,Eastern,25,"Cloudy, Chance of Snow",28,24.33,18.00,7.0,N,,,,,,,,,,,,,,,,,,,,
Buffalo Bills,6,Final,L,12-08-13,13,7,A,1300,Eastern,82,Cloudy,27,22.25,25.58,-3.0,N,,,,,,,,,,,,,,,,,,,,
Tampa Bay Buccaneers,27,Final,W,12-08-13,13,7,H,1300,Eastern,82,Cloudy,6,18.08,23.75,3.0,N,,,,,,,,,,,,,,,,,,,,
Cleveland Browns,26,Final,L,12-08-13,13,7,A,1300,Eastern,30,"Cloudy, Cold",27,19.25,24.75,-10.0,N,,,,,,,,,,,,,,,,,,,,
New England Patriots,27,Final,W,12-08-13,13,7,H,1300,Eastern,30,"Cloudy, Cold",26,26.83,21.75,10.0,N,,,,,,,,,,,,,,,,,,,,
Detroit Lions,20,Final,L,12-08-13,13,10,A,1300,Eastern,27,Snow,34,27.17,23.92,-2.5,N,,,,,,,,,,,,,,,,,,,,
Philadelphia Eagles,34,Final,W,12-08-13,13,7,H,1300,Eastern,27,Snow,20,25.00,23.42,2.5,N,,,,,,,,,,,,,,,,,,,,
Miami Dolphins,34,Final,W,12-08-13,13,7,A,1300,Eastern,25,Light Snow,28,21.00,20.67,-3.0,Y,,,,,,,,,,,,,,,,,,,,
Pittsburgh Steelers,28,Final,L,12-08-13,13,10,H,1300,Eastern,25,Light Snow,34,21.92,23.17,3.0,Y,,,,,,,,,,,,,,,,,,,,
Minnesota Vikings,26,Final,L,12-08-13,13,7,A,1300,Eastern,33,Light Snow,29,24.08,30.50,-6.0,N,,,,,,,,,,,,,,,,,,,,
Baltimore Ravens,29,Final,W,12-08-13,13,10,H,1300,Eastern,33,Light Snow,26,20.75,19.58,6.0,N,,,,,,,,,,,,,,,,,,,,
Kansas City Chiefs,45,Final,W,12-08-13,13,7,A,1300,Eastern,30,Snow,10,24.83,17.83,3.5,N,,,,,,,,,,,,,,,,,,,,
Washington Redskins,10,Final,L,12-08-13,13,7,H,1300,Eastern,30,Snow,45,22.42,30.17,-3.5,N,,,,,,,,,,,,,,,,,,,,
Tennessee Titans,28,Final,L,12-08-13,13,7,A,1405,Mountain,18,Mostly Sunny,51,22.00,22.25,-12.5,N,,,,,,,,,,,,,,,,,,,,
Denver Broncos,51,Final,W,12-08-13,13,7,H,1405,Mountain,18,Mostly Sunny,28,38.67,26.42,12.5,N,,,,,,,,,,,,,,,,,,,,
St. Louis Rams,10,Final,L,12-08-13,13,7,A,1425,Mountain,Dome,0,30,23.25,23.17,-4.5,N,,,,,,,,,,,,,,,,,,,,
Arizona Cardinals,30,Final,W,12-08-13,13,7,H,1425,Mountain,Dome,,10,22.92,20.58,4.5,N,,,,,,,,,,,,,,,,,,,,
New York Giants,14,Final,L,12-08-13,13,7,A,1325,Pacific,53,Sunny,37,19.75,24.75,-4.5,N,,,,,,,,,,,,,,,,,,,,
San Diego Chargers,37,Final,W,12-08-13,13,7,H,1325,Pacific,53,Sunny,14,23.25,23.08,4.5,N,,,,,,,,,,,,,,,,,,,,
Seattle Seahawks,17,Final,L,12-08-13,13,6,A,1325,Pacific,43,Sunny,19,28.33,15.50,-2.5,N,,,,,,,,,,,,,,,,,,,,
San Francisco 49ers,19,Final,W,12-08-13,13,7,H,1325,Pacific,43,Sunny,17,24.75,16.42,2.5,N,,,,,,,,,,,,,,,,,,,,
Carolina Panthers,13,Final,L,12-08-13,13,7,A,1930,Central,Dome,0,31,23.75,13.08,-3.0,N,,,,,,,,,,,,,,,,,,,,
New Orleans Saints,31,Final,W,12-08-13,13,6,H,1930,Central,Dome,,13,26.00,19.17,3.0,N,,,,,,,,,,,,,,,,,,,,
Dallas Cowboys,28,Final,L,12-09-13,13,11,A,1940,Central,8,Partly Cloudy,45,27.42,25.25,-1.5,N,,,,,,,,,,,,,,,,,,,,
Chicago Bears,45,Final,W,12-09-13,13,8,H,1940,Central,8,Partly Cloudy,28,26.92,27.67,1.5,N,,,,,,,,,,,,,,,,,,,,
San Diego Chargers,27,Final,W,12-12-13,14,4,A,1825,Mountain,37,Mostly Clear,20,24.31,22.38,-10.0,Y,,,,,,,,,,,,,,,,,,,,
Denver Broncos,20,Final,L,12-12-13,14,4,H,1825,Mountain,37,Mostly Clear,27,39.62,26.54,10.0,Y,,,,,,,,,,,,,,,,,,,,
Philadelphia Eagles,30,Final,L,12-15-13,14,7,A,1200,Central,Dome,0,48,25.69,23.15,6.5,Y,,,,,,,,,,,,,,,,,,,,
Minnesota Vikings,48,Final,W,12-15-13,14,7,H,1200,Central,Dome,,30,24.23,30.38,-6.5,Y,,,,,,,,,,,,,,,,,,,,
Buffalo Bills,27,Final,W,12-15-13,14,7,A,1300,Eastern,60,Chance of Rain,20,21.00,25.69,4.0,N,,,,,,,,,,,,,,,,,,,,
Jacksonville Jaguars,20,Final,L,12-15-13,14,10,H,1300,Eastern,60,Chance of Rain,27,15.46,28.62,-4.0,N,,,,,,,,,,,,,,,,,,,,
San Francisco 49ers,33,Final,W,12-15-13,14,7,A,1300,Eastern,70,Cloudy,14,24.31,16.46,5.0,N,,,,,,,,,,,,,,,,,,,,
Tampa Bay Buccaneers,14,Final,L,12-15-13,14,7,H,1300,Eastern,70,Cloudy,33,18.77,22.38,-5.0,N,,,,,,,,,,,,,,,,,,,,
Houston Texans,3,Final,L,12-15-13,14,10,A,1300,Eastern,Dome,0,25,19.23,26.92,-6.0,N,,,,,,,,,,,,,,,,,,,,
Indianapolis Colts,25,Final,W,12-15-13,14,7,H,1300,Eastern,Dome,,3,24.08,24.31,6.0,N,,,,,,,,,,,,,,,,,,,,
New England Patriots,20,Final,L,12-15-13,14,7,A,1300,Eastern,84,Partly Cloudy,24,26.85,22.08,-2.5,N,,,,,,,,,,,,,,,,,,,,
Miami Dolphins,24,Final,W,12-15-13,14,7,H,1300,Eastern,84,Partly Cloudy,20,22.00,21.23,2.5,N,,,,,,,,,,,,,,,,,,,,
Chicago Bears,38,Final,W,12-15-13,14,6,A,1300,Eastern,25,Flurries,31,28.31,27.69,1.0,N,,,,,,,,,,,,,,,,,,,,
Cleveland Browns,31,Final,L,12-15-13,14,7,H,1300,Eastern,25,Flurries,38,19.77,24.92,-1.0,N,,,,,,,,,,,,,,,,,,,,
Seattle Seahawks,23,Final,W,12-15-13,14,7,A,1300,Eastern,36,Partly Cloudy,0,27.46,15.77,9.0,N,,,,,,,,,,,,,,,,,,,,
New York Giants,0,Final,L,12-15-13,14,7,H,1300,Eastern,36,Partly Cloudy,23,19.31,25.69,-9.0,N,,,,,,,,,,,,,,,,,,,,
Washington Redskins,26,Final,L,12-15-13,14,7,A,1300,Eastern,Dome,0,27,21.46,31.31,-5.5,N,,,,,,,,,,,,,,,,,,,,
Atlanta Falcons,27,Final,W,12-15-13,14,7,H,1300,Eastern,Dome,,26,21.69,27.85,5.5,N,,,,,,,,,,,,,,,,,,,,
New York Jets,20,Final,L,12-15-13,14,7,A,1605,Eastern,54,Sunny,30,17.38,25.92,-10.0,N,,,,,,,,,,,,,,,,,,,,
Carolina Panthers,30,Final,W,12-15-13,14,7,H,1605,Eastern,54,Sunny,20,22.92,14.46,10.0,N,,,,,,,,,,,,,,,,,,,,
Kansas City Chiefs,56,Final,W,12-15-13,14,7,A,1305,Pacific,64,Sunny,31,26.38,17.23,6.5,N,,,,,,,,,,,,,,,,,,,,
Oakland Raiders,31,Final,L,12-15-13,14,7,H,1305,Pacific,64,Sunny,56,20.31,25.92,-6.5,N,,,,,,,,,,,,,,,,,,,,
New Orleans Saints,16,Final,L,12-15-13,14,7,A,1525,Central,Dome,0,27,26.38,18.69,7.0,Y,,,,,,,,,,,,,,,,,,,,
St. Louis Rams,27,Final,W,12-15-13,14,7,H,1525,Central,Dome,,16,22.23,23.69,-7.0,Y,,,,,,,,,,,,,,,,,,,,
Green Bay Packers,37,Final,W,12-15-13,14,7,A,1525,Central,Dome,0,36,24.31,25.08,-5.5,Y,,,,,,,,,,,,,,,,,,,,
Dallas Cowboys,36,Final,L,12-15-13,14,6,H,1525,Central,Dome,,37,27.46,26.77,5.5,Y,,,,,,,,,,,,,,,,,,,,
Arizona Cardinals,37,OT,W,12-15-13,14,7,A,1525,Central,37,Cloudy,34,23.46,19.77,3.0,N,,,,,,,,,,,,,,,,,,,,
Tennessee Titans,34,OT,L,12-15-13,14,7,H,1525,Central,37,Cloudy,37,22.46,24.46,-3.0,N,,,,,,,,,,,,,,,,,,,,
Cincinnati Bengals,20,Final,L,12-15-13,14,7,A,2030,Eastern,26,Cloudy,30,25.69,18.77,2.0,Y,,,,,,,,,,,,,,,,,,,,
Pittsburgh Steelers,30,Final,W,12-15-13,14,7,H,2030,Eastern,26,Cloudy,20,22.38,24.00,-2.0,Y,,,,,,,,,,,,,,,,,,,,
Baltimore Ravens,18,Final,W,12-16-13,14,8,A,2040,Eastern,Dome,0,16,21.38,20.08,-5.0,Y,,,,,,,,,,,,,,,,,,,,
Detroit Lions,16,Final,L,12-16-13,14,8,H,2040,Eastern,Dome,,18,26.62,24.69,5.0,Y,,,,,,,,,,,,,,,,,,,,
Tampa Bay Buccaneers,13,Final,L,12-22-13,15,7,A,1200,Central,Dome,0,23,18.43,23.14,-3.5,N,,,,,,,,,,,,,,,,,,,,
St. Louis Rams,23,Final,W,12-22-13,15,7,H,1200,Central,Dome,,13,22.57,23.14,3.5,N,,,,,,,,,,,,,,,,,,,,
Indianapolis Colts,23,Final,W,12-22-13,15,7,A,1200,Central,22,Cloudy,7,24.14,22.79,-7.5,Y,,,,,,,,,,,,,,,,,,,,
Kansas City Chiefs,7,Final,L,12-22-13,15,7,H,1200,Central,22,Cloudy,23,28.50,18.21,7.5,Y,,,,,,,,,,,,,,,,,,,,
Minnesota Vikings,14,Final,L,12-22-13,15,7,A,1300,Eastern,53,Mostly Cloudy,42,25.93,30.36,-7.5,N,,,,,,,,,,,,,,,,,,,,
Cincinnati Bengals,42,Final,W,12-22-13,15,7,H,1300,Eastern,53,Mostly Cloudy,14,25.29,19.57,7.5,N,,,,,,,,,,,,,,,,,,,,
Cleveland Browns,13,Final,L,12-22-13,15,7,A,1300,Eastern,70,Cloudy,24,20.57,25.86,-2.0,N,,,,,,,,,,,,,,,,,,,,
New York Jets,24,Final,W,12-22-13,15,7,H,1300,Eastern,70,Cloudy,13,17.57,26.21,2.0,N,,,,,,,,,,,,,,,,,,,,
Miami Dolphins,0,Final,L,12-22-13,15,7,A,1300,Eastern,41,"Cloudy, Mist",19,22.14,21.14,-1.0,N,,,,,,,,,,,,,,,,,,,,
Buffalo Bills,19,Final,W,12-22-13,15,7,H,1300,Eastern,41,"Cloudy, Mist",0,21.43,25.29,1.0,N,,,,,,,,,,,,,,,,,,,,
Tennessee Titans,20,Final,W,12-22-13,15,7,A,1300,Eastern,79,0,16,23.29,25.36,4.5,N,,,,,,,,,,,,,,,,,,,,
Jacksonville Jaguars,16,Final,L,12-22-13,15,7,H,1300,Eastern,79,,20,15.79,28.50,-4.5,N,,,,,,,,,,,,,,,,,,,,
Denver Broncos,37,Final,W,12-22-13,15,10,A,1200,Central,58,Partly Cloudy,13,38.21,26.57,10.0,N,,,,,,,,,,,,,,,,,,,,
Houston Texans,13,Final,L,12-22-13,15,7,H,1200,Central,58,Partly Cloudy,37,18.07,26.79,-10.0,N,,,,,,,,,,,,,,,,,,,,
Dallas Cowboys,24,Final,W,12-22-13,15,7,A,1300,Eastern,65,Rain,23,28.07,27.50,3.0,N,,,,,,,,,,,,,,,,,,,,
Washington Redskins,23,Final,L,12-22-13,15,7,H,1300,Eastern,65,Rain,24,21.79,31.00,-3.0,N,,,,,,,,,,,,,,,,,,,,
New Orleans Saints,13,Final,L,12-22-13,15,7,A,1300,Eastern,72,Rain,17,25.64,19.29,-3.0,N,,,,,,,,,,,,,,,,,,,,
Carolina Panthers,17,Final,W,12-22-13,15,7,H,1300,Eastern,72,Rain,13,23.43,14.86,3.0,N,,,,,,,,,,,,,,,,,,,,
New York Giants,23,OT,W,12-22-13,15,7,A,1605,Eastern,Dome,0,20,17.93,25.50,-9.0,Y,,,,,,,,,,,,,,,,,,,,
Detroit Lions,20,OT,L,12-22-13,15,6,H,1605,Eastern,Dome,,23,25.86,24.21,9.0,Y,,,,,,,,,,,,,,,,,,,,
Arizona Cardinals,17,Final,W,12-22-13,15,7,A,1305,Pacific,48,Cloudy,10,24.43,20.79,-9.0,Y,,,,,,,,,,,,,,,,,,,,
Seattle Seahawks,10,Final,L,12-22-13,15,7,H,1305,Pacific,48,Cloudy,17,27.14,14.64,9.0,Y,,,,,,,,,,,,,,,,,,,,
New England Patriots,41,Final,W,12-22-13,15,7,A,1625,Eastern,65,Cloudy,7,26.36,22.21,1.0,N,,,,,,,,,,,,,,,,,,,,
Baltimore Ravens,7,Final,L,12-22-13,15,6,H,1625,Eastern,65,Cloudy,41,21.14,19.79,-1.0,N,,,,,,,,,,,,,,,,,,,,
Pittsburgh Steelers,38,Final,W,12-22-13,15,7,A,1525,Central,23,Snow,31,22.93,23.71,1.0,N,,,,,,,,,,,,,,,,,,,,
Green Bay Packers,31,Final,L,12-22-13,15,7,H,1525,Central,23,Snow,38,25.21,25.86,-1.0,N,,,,,,,,,,,,,,,,,,,,
Oakland Raiders,13,Final,L,12-22-13,15,7,A,1325,Pacific,67,Sunny,26,21.07,28.07,-10.0,N,,,,,,,,,,,,,,,,,,,,
San Diego Chargers,26,Final,W,12-22-13,15,10,H,1325,Pacific,67,Sunny,13,24.50,22.21,10.0,N,,,,,,,,,,,,,,,,,,,,
Chicago Bears,11,Final,L,12-22-13,15,7,A,2030,Eastern,62,Cloudy,54,29.00,27.93,-3.0,N,,,,,,,,,,,,,,,,,,,,
Philadelphia Eagles,54,Final,W,12-22-13,15,7,H,2030,Eastern,62,Cloudy,11,26.00,24.93,3.0,N,,,,,,,,,,,,,,,,,,,,
Atlanta Falcons,24,Final,L,12-23-13,15,8,A,1740,Pacific,60,Clear,34,22.07,27.71,-14.5,N,,,,,,,,,,,,,,,,,,,,
San Francisco 49ers,34,Final,W,12-23-13,15,8,H,1740,Pacific,60,Clear,24,24.93,16.29,14.5,N,,,,,,,,,,,,,,,,,,,,
Houston Texans,10,Final,L,12-29-13,16,7,A,1200,Central,53,Sunny,16,17.73,27.47,-7.0,N,,,,,,,,,,,,,,,,,,,,
Tennessee Titans,16,Final,W,12-29-13,16,7,H,1200,Central,53,Sunny,10,23.07,24.73,7.0,N,,,,,,,,,,,,,,,,,,,,
New York Jets,20,Final,W,12-29-13,16,7,A,1300,Eastern,79,Cloudy,7,18.00,25.33,-7.0,Y,,,,,,,,,,,,,,,,,,,,
Miami Dolphins,7,Final,L,12-29-13,16,7,H,1300,Eastern,79,Cloudy,20,20.67,21.00,7.0,Y,,,,,,,,,,,,,,,,,,,,
Cleveland Browns,7,Final,L,12-29-13,16,7,A,1300,Eastern,40,Light Rain,20,20.07,25.73,-9.0,N,,,,,,,,,,,,,,,,,,,,
Pittsburgh Steelers,20,Final,W,12-29-13,16,7,H,1300,Eastern,40,Light Rain,7,23.93,24.20,9.0,N,,,,,,,,,,,,,,,,,,,,
Jacksonville Jaguars,10,Final,L,12-29-13,16,7,A,1300,Eastern,Dome,0,30,15.80,27.93,-11.0,N,,,,,,,,,,,,,,,,,,,,
Indianapolis Colts,30,Final,W,12-29-13,16,7,H,1300,Eastern,Dome,,10,24.07,21.73,11.0,N,,,,,,,,,,,,,,,,,,,,
Baltimore Ravens,17,Final,L,12-29-13,16,7,A,1300,Eastern,43,Cloudy,34,20.20,21.20,-6.5,N,,,,,,,,,,,,,,,,,,,,
Cincinnati Bengals,34,Final,W,12-29-13,16,7,H,1300,Eastern,43,Cloudy,17,26.40,19.20,6.5,N,,,,,,,,,,,,,,,,,,,,
Washington Redskins,6,Final,L,12-29-13,16,7,A,1300,Eastern,40,Rain,20,21.87,30.53,-3.5,N,,,,,,,,,,,,,,,,,,,,
New York Giants,20,Final,W,12-29-13,16,7,H,1300,Eastern,40,Rain,6,18.27,25.13,3.5,N,,,,,,,,,,,,,,,,,,,,
Carolina Panthers,21,Final,W,12-29-13,16,7,A,1300,Eastern,Dome,0,20,23.00,14.73,6.0,N,,,,,,,,,,,,,,,,,,,,
Atlanta Falcons,20,Final,L,12-29-13,16,6,H,1300,Eastern,Dome,,21,22.20,28.13,-6.0,N,,,,,,,,,,,,,,,,,,,,
Detroit Lions,13,Final,L,12-29-13,16,7,A,1200,Central,Dome,0,14,25.47,24.13,2.0,Y,,,,,,,,,,,,,,,,,,,,
Minnesota Vikings,14,Final,W,12-29-13,16,7,H,1200,Central,Dome,,13,25.13,31.13,-2.0,Y,,,,,,,,,,,,,,,,,,,,
San Francisco 49ers,23,Final,W,12-29-13,16,6,A,1425,Mountain,64,Sunny,20,25.53,16.80,-3.0,Y,,,,,,,,,,,,,,,,,,,,
Arizona Cardinals,20,Final,L,12-29-13,16,7,H,1425,Mountain,64,Sunny,23,23.93,20.07,3.0,Y,,,,,,,,,,,,,,,,,,,,
Green Bay Packers,33,Final,W,12-29-13,16,7,A,1525,Central,26,Rain/Snow mix,28,25.60,26.67,3.0,N,,,,,,,,,,,,,,,,,,,,
Chicago Bears,28,Final,L,12-29-13,16,7,H,1525,Central,26,Rain/Snow mix,33,27.80,29.67,-3.0,N,,,,,,,,,,,,,,,,,,,,
Denver Broncos,34,Final,W,12-29-13,16,7,A,1325,Pacific,70,Sunny,14,38.13,25.67,10.0,N,,,,,,,,,,,,,,,,,,,,
Oakland Raiders,14,Final,L,12-29-13,16,7,H,1325,Pacific,70,Sunny,34,20.53,27.93,-10.0,N,,,,,,,,,,,,,,,,,,,,
Buffalo Bills,20,Final,L,12-29-13,16,7,A,1625,Eastern,39,Rain,34,21.27,23.60,-7.5,N,,,,,,,,,,,,,,,,,,,,
New England Patriots,34,Final,W,12-29-13,16,7,H,1625,Eastern,39,Rain,20,27.33,21.20,7.5,N,,,,,,,,,,,,,,,,,,,,
Tampa Bay Buccaneers,17,Final,L,12-29-13,16,7,A,1525,Central,Dome,0,42,18.07,23.13,-10.5,N,,,,,,,,,,,,,,,,,,,,
New Orleans Saints,42,Final,W,12-29-13,16,7,H,1525,Central,Dome,,17,24.80,19.13,10.5,N,,,,,,,,,,,,,,,,,,,,
Kansas City Chiefs,24,OT,L,12-29-13,16,7,A,1325,Pacific,73,Sunny,27,27.07,18.53,-14.5,N,,,,,,,,,,,,,,,,,,,,
San Diego Chargers,27,OT,W,12-29-13,16,7,H,1325,Pacific,73,Sunny,24,24.60,21.60,14.5,N,,,,,,,,,,,,,,,,,,,,
St. Louis Rams,9,Final,L,12-29-13,16,7,A,1325,Pacific,40,Cloudy,27,22.60,22.47,-12.0,N,,,,,,,,,,,,,,,,,,,,
Seattle Seahawks,27,Final,W,12-29-13,16,7,H,1325,Pacific,40,Cloudy,9,26.00,14.80,12.0,N,,,,,,,,,,,,,,,,,,,,
Philadelphia Eagles,24,Final,W,12-29-13,16,7,A,1930,Central,Dome,0,22,27.87,24.00,7.0,N,,,,,,,,,,,,,,,,,,,,
Dallas Cowboys,22,Final,L,12-29-13,16,7,H,1930,Central,Dome,,24,27.80,27.20,-7.0,N,,,,,,,,,,,,,,,,,,,,
